Workbook

Sheet Dashboard
A1: RERA Project Portfolio — Executive Tracker
A3: Source: individual project .facts.json files behind each Company Charter (MahaRERA live record + independent web verification). Last compiled 2026-07-27.
A5: Projects Tracked | C5: Total Units (all projects) | E5: Total Units Sold | G5: Total Complaints | I5: Total Appeals | K5: Projects Delayed
A6: =COUNTA('Master Tracker'!A2:A6) -> 5 | C6: =SUM('Master Tracker'!K2:K6) -> 2450 | E6: =SUM('Master Tracker'!L2:L6) -> 1408 | G6: =SUM(C12:C16) -> 70 | I6: =SUM(D12:D16) -> 18 | K6: =COUNTIF('Master Tracker'!I2:I6,"Yes") -> 2
A10: Chart Data (linked to Master Tracker — do not edit)
A11: Project | B11: % Sold | C11: Complaints | D11: Appeals | E11: Confidence Score
A12: ='Master Tracker'!A2 -> Godrej Park Greens | B12: =IFERROR('Master Tracker'!M2,0) -> 0.98595041 | C12: =IF(ISNUMBER('Master Tracker'!N2),'Master Tracker'!N2,0) -> 67 | D12: =IF(ISNUMBER('Master Tracker'!O2),'Master Tracker'!O2,0) -> 18 | E12: ='Master Tracker'!V2 -> 56.2
A13: ='Master Tracker'!A3 -> IRA Insignia | B13: =IFERROR('Master Tracker'!M3,0) -> 0.0029585799 | C13: =IF(ISNUMBER('Master Tracker'!N3),'Master Tracker'!N3,0) -> 3 | D13: =IF(ISNUMBER('Master Tracker'!O3),'Master Tracker'!O3,0) -> 0 | E13: ='Master Tracker'!V3 -> 43.3
A14: ='Master Tracker'!A4 -> Pranami Bliss | B14: =IFERROR('Master Tracker'!M4,0) -> 0.63247863 | C14: =IF(ISNUMBER('Master Tracker'!N4),'Master Tracker'!N4,0) -> 0 | D14: =IF(ISNUMBER('Master Tracker'!O4),'Master Tracker'!O4,0) -> 0 | E14: ='Master Tracker'!V4 -> 49
A15: ='Master Tracker'!A5 -> Project 252 | B15: =IFERROR('Master Tracker'!M5,0) -> N/A | C15: =IF(ISNUMBER('Master Tracker'!N5),'Master Tracker'!N5,0) -> 0 | D15: =IF(ISNUMBER('Master Tracker'!O5),'Master Tracker'!O5,0) -> 0 | E15: ='Master Tracker'!V5 -> 56.8
A16: Portfolio Visuals | B16: =IFERROR('Master Tracker'!M6,0) -> 0.098802395 | C16: =IF(ISNUMBER('Master Tracker'!N6),'Master Tracker'!N6,0) -> 0 | D16: =IF(ISNUMBER('Master Tracker'!O6),'Master Tracker'!O6,0) -> 0 | E16: ='Master Tracker'!V6 -> 47.5

Sheet Master Tracker
A1: Project Name | B1: RERA Reg. No. | C1: Promoter / Developer | D1: Location | E1: District | F1: Project Status | G1: Original Completion | H1: Current Completion | I1: Delayed? | J1: Land Area (sqm) | K1: Total Units | L1: Units Sold | M1: % Sold | N1: Complaints | O1: Appeals | P1: Land Title Status | Q1: Project Avg Price/sqft (Rs) | R1: Locality Avg Price/sqft (Rs) | S1: Implied FSI | T1: IBBI Insolvency Status | U1: Credit Rating Found | V1: Documentation Confidence (0-100) | W1: Confidence Band | X1: Open Gaps | Y1: Key Risk Flag | Z1: Data As-Of
A2: Godrej Park Greens | B2: P52100019639 | C2: Godrej Skyline Developers Limited | D2: Mamurdi (PCMC) | E2: Pune | F2: Certificate Signed / New | G2: 2024-03-30 | H2: 2028-03-30 | I2: Yes | J2: 32917 | K2: 1210 | L2: 1193 | M2: =IFERROR(IF(ISNUMBER(K2),IF(ISNUMBER(L2),L2/K2,"N/A"),"N/A"),"N/A") -> 0.98595041 | N2: 67 | O2: 18 | P2: Clear (no title litigation) | Q2: 13900 | R2: 9100 | S2: Not confirmed (BUA gap) | T2: Clean (no process) | U2: No | V2: 56.2 | W2: Moderate | X2: 9 | Y2: High complaint/appeal volume (67/18); completion extended twice; FSI/BUA not confirmed | Z2: 2026-07-27
A3: IRA Insignia | B3: P51700031409 | C3: IRA Homes | D3: Bhopar, Dombivli East | E3: Thane | F3: Certificate Signed / New | G3: 2026-12-31 | H3: 2026-12-31 | I3: No | J3: 8800 | K3: 338 | L3: 1 | M3: =IFERROR(IF(ISNUMBER(K3),IF(ISNUMBER(L3),L3/K3,"N/A"),"N/A"),"N/A") -> 0.0029585799 | N3: 3 | O3: 0 | P3: Clear | Q3: Not listed (aggregators cite ~Rs 55L+ for 1-3BHK) | R3: 6,839-10,800 (range) | S3: Not confirmed (BUA gap) | T3: Not checked this pass | U3: No | V3: 43.3 | W3: Limited | X3: 9 | Y3: Only 0.3% sold with completion due in <1 year -- very low sales velocity | Z3: 2026-07-23
A4: Pranami Bliss | B4: P51800077150 | C4: Pranami Neev Realty Limited | D4: Azad Nagar-3, Andheri (West) | E4: Mumbai Suburban | F4: Certificate Signed / New | G4: 2027-04-15 | H4: 2027-04-15 | I4: No | J4: 1674.63 | K4: 234 | L4: 148 | M4: =IFERROR(IF(ISNUMBER(K4),IF(ISNUMBER(L4),L4/K4,"N/A"),"N/A"),"N/A") -> 0.63247863 | N4: 0 | O4: 0 | P4: Clear (unrelated neighbouring Lis Pendens disclosed) | Q4: Not listed | R4: 28,300-37,050 (range) | S4: Not confirmed (BUA gap) | T4: Clean (no process) | U4: No | V4: 49 | W4: Limited | X4: 9 | Y4: Promoter has one unrated, privately-placed bond (Rs 20cr, 15% coupon) outstanding | Z4: 2026-07-21
A5: Project 252 | B5: NOT REGISTERED | C5: Watertight Developers Private Limited | D5: Unknown | E5: Unknown | F5: No MahaRERA registration exists | G5: N/A | H5: N/A | I5: N/A | J5: Not found | K5: Not found | L5: Not found | M5: =IFERROR(IF(ISNUMBER(K5),IF(ISNUMBER(L5),L5/K5,"N/A"),"N/A"),"N/A") -> N/A | N5: N/A | O5: N/A | P5: N/A -- no registration | Q5: N/A | R5: N/A | S5: N/A | T5: Watertight itself clean; affiliated flagship entity (India Homes Ltd) has an active NCLT/NCLAT history | U5: No | V5: 56.8 | W5: Moderate | X5: 6 | Y5: NOT RERA REGISTERED -- no public project record; promoter family's listed flagship entity has NCLT/insolvency history | Z5: 2026-07-24
A6: Stellar | B6: P51700048590 | C6: Trimity Realty LLP | D6: Panchpakhadi, Thane (W) | E6: Thane | F6: Certificate Signed / New | G6: 2027-12-31 | H6: 2029-06-30 | I6: Yes | J6: 4261.41 | K6: 668 | L6: 66 | M6: =IFERROR(IF(ISNUMBER(K6),IF(ISNUMBER(L6),L6/K6,"N/A"),"N/A"),"N/A") -> 0.098802395 | N6: 0 | O6: 0 | P6: Clear (Nil litigations per Title Report) | Q6: Not listed | R6: 19,000-26,000 (range) | S6: Not confirmed (BUA gap) | T6: Clean (checked via affiliate CIN) | U6: No | V6: 47.5 | W6: Limited | X6: 8 | Y6: Completion extended ~18 months; only 9.9% sold | Z6: 2026-07-24
A8: Source: individual project .facts.json files behind each Company Charter (MahaRERA live record, MCA/ZaubaCorp mirrors, IBBI, 99acres/Square Yards/NoBroker). See 'Notes & Sources' tab.

Sheet Notes & Sources
A1: Notes, Methodology & Sources
A4: What this workbook is | B4: Each row on the Master Tracker tab summarizes the executive-level facts already researched and verified for that project's Company Charter (docx). This sheet does not re-research anything — every figure traces back to that project's underlying .facts.json file, which itself cites MahaRERA's live project record, MCA/ZaubaCorp corporate mirrors, IBBI, and public listing aggregators (99acres, Square Yards, NoBroker, etc.).
A5: Projects covered | B5: Godrej Park Greens (P52100019639), IRA Insignia (P51700031409), Pranami Bliss (P51800077150), Project 252 (no MahaRERA registration found), Stellar (P51700048590).
A6: % Sold | B6: Calculated with a live formula (Units Sold / Total Units) on the Master Tracker tab, so it recalculates if the underlying counts change. Shows 'N/A' where either figure is not a confirmed number (e.g. Project 252, which has no registration).
A7: Project Avg Price/sqft vs Locality Avg Price/sqft | B7: Project-level Rs/sqft is only available where an aggregator independently listed and priced the subject project itself (Godrej Park Greens). Where the subject project had no independently-priced listing this pass (IRA Insignia, Pranami Bliss, Stellar), the field is marked 'Not listed' and the locality range is shown instead as directional context, not a project-specific number.
A8: Implied FSI | B8: Marked 'Not confirmed' for every RERA-registered project in this set — the approved/sanctioned Built-Up Area (BUA) figure needed to compute FSI was not extractable from the MahaRERA documents opened during each charter's research pass. This is flagged as an open gap in every underlying facts.json, not silently omitted.
A9: Documentation Confidence Score | B9: A 0-100 composite score computed per-project during charter research, weighting source-tier quality, cross-corroboration, verification rate, and recency. Bands: High (70+), Moderate (45-69), Limited (<45). This measures how well-evidenced the charter's own facts are — it is not a measure of the project's or promoter's quality.
A10: IBBI Insolvency Status | B10: Checked against the promoter entity's own CIN/LLPIN where available; for Project 252, checked separately against the promoter family's affiliated flagship listed entity (India Homes Limited), which does carry an active NCLT/NCLAT history — this is explicitly NOT the same legal entity as Watertight Developers Private Limited, the actual promoter of Project 252 itself.
A11: Key Risk Flag | B11: A short, human-curated flag per project pulling out the single most decision-relevant risk signal found in that project's charter (e.g. sales velocity, completion delay, complaint volume, unrated debt, missing registration). It is not exhaustive — see each project's own Company Charter document (and its Gaps & Limitations section) for the full picture.
A12: Data As-Of | B12: The date each project's MahaRERA live record / registry cross-checks were last retrieved, per that project's facts.json.
A13: Full detail | B13: For the complete due-diligence narrative behind any row — land title chain, corporate directors, distances, comparables, complaint-by-complaint outcomes, and the full list of research gaps — open that project's Company Charter .docx in the same output folder.
